filename,label
0_6.png,0
0_7.png,0
0_15.png,0
0_30.png,0
0_14.png,0
0_4.png,0
0_16.png,0
0_1.png,0
0_27.png,0
0_18.png,0
0_29.png,0
0_3.png,0
0_12.png,0
0_10.png,0
0_25.png,0
0_19.png,0
0_5.png,0
0_13.png,0
0_2.png,0
0_20.png,0
0_57.png,0
0_41.png,0
0_43.png,0
0_52.png,0
0_59.png,0
0_11.png,0
0_17.png,0
0_23.png,0
0_26.png,0
0_8.png,0
0_24.png,0
0_21.png,0
0_9.png,0
0_28.png,0
0_31.png,0
0_22.png,0
0_38.png,0
0_39.png,0
0_56.png,0
0_35.png,0
0_40.png,0
0_55.png,0
0_48.png,0
0_33.png,0
0_44.png,0
0_45.png,0
0_36.png,0
0_51.png,0
0_34.png,0
0_49.png,0
0_50.png,0
0_53.png,0
0_70.png,0
0_65.png,0
0_87.png,0
0_88.png,0
0_86.png,0
0_89.png,0
0_80.png,0
0_37.png,0
0_32.png,0
0_54.png,0
0_46.png,0
0_60.png,0
0_47.png,0
0_58.png,0
0_61.png,0
0_42.png,0
0_79.png,0
0_78.png,0
0_82.png,0
0_66.png,0
0_75.png,0
0_91.png,0
0_71.png,0
0_73.png,0
0_62.png,0
0_84.png,0
0_83.png,0
0_72.png,0
0_74.png,0
0_85.png,0
0_64.png,0
0_69.png,0
0_108.png,0
0_94.png,0
0_120.png,0
0_107.png,0
0_111.png,0
0_109.png,0
0_104.png,0
0_99.png,0
0_103.png,0
0_77.png,0
0_81.png,0
0_76.png,0
0_67.png,0
0_63.png,0
0_90.png,0
0_68.png,0
0_119.png,0
0_100.png,0
0_102.png,0
0_105.png,0
0_101.png,0
0_112.png,0
0_115.png,0
0_92.png,0
0_117.png,0
0_116.png,0
0_114.png,0
0_97.png,0
0_113.png,0
0_110.png,0
0_95.png,0
0_93.png,0
0_127.png,0
0_129.png,0
0_135.png,0
0_149.png,0
0_128.png,0
0_140.png,0
0_136.png,0
0_139.png,0
0_132.png,0
0_138.png,0
0_147.png,0
0_121.png,0
0_98.png,0
0_118.png,0
0_106.png,0
0_96.png,0
0_141.png,0
0_124.png,0
0_123.png,0
0_130.png,0
0_143.png,0
0_142.png,0
0_133.png,0
0_146.png,0
0_122.png,0
0_145.png,0
0_148.png,0
0_126.png,0
0_125.png,0
0_131.png,0
0_134.png,0
0_150.png,0
0_144.png,0
0_137.png,0
1_20.png,1
1_39.png,1
1_29.png,1
1_44.png,1
1_37.png,1
1_33.png,1
1_31.png,1
1_42.png,1
1_21.png,1
1_27.png,1
1_30.png,1
1_17.png,1
1_32.png,1
1_13.png,1
1_43.png,1
1_34.png,1
1_22.png,1
1_24.png,1
1_40.png,1
1_35.png,1
1_45.png,1
1_36.png,1
1_19.png,1
1_5.png,1
1_7.png,1
1_41.png,1
1_61.png,1
1_49.png,1
1_66.png,1
1_52.png,1
1_69.png,1
1_60.png,1
1_75.png,1
1_72.png,1
1_70.png,1
1_51.png,1
1_58.png,1
1_62.png,1
1_71.png,1
1_12.png,1
1_11.png,1
1_2.png,1
1_1.png,1
1_6.png,1
1_10.png,1
1_3.png,1
1_4.png,1
1_15.png,1
1_9.png,1
1_14.png,1
1_8.png,1
1_74.png,1
1_67.png,1
1_48.png,1
1_56.png,1
1_73.png,1
1_64.png,1
1_65.png,1
1_53.png,1
1_50.png,1
1_57.png,1
1_59.png,1
1_55.png,1
1_54.png,1
1_68.png,1
1_28.png,1
1_23.png,1
1_103.png,1
1_93.png,1
1_100.png,1
1_91.png,1
1_88.png,1
1_77.png,1
1_101.png,1
1_90.png,1
1_95.png,1
1_89.png,1
1_79.png,1
1_97.png,1
1_105.png,1
1_84.png,1
1_47.png,1
1_46.png,1
1_92.png,1
1_98.png,1
1_81.png,1
1_87.png,1
1_80.png,1
1_86.png,1
1_82.png,1
1_99.png,1
1_102.png,1
1_83.png,1
1_104.png,1
1_96.png,1
1_94.png,1
1_126.png,1
1_63.png,1
1_85.png,1
1_111.png,1
1_132.png,1
1_107.png,1
1_117.png,1
1_110.png,1
1_121.png,1
1_120.png,1
1_125.png,1
1_114.png,1
1_109.png,1
1_115.png,1
1_131.png,1
1_119.png,1
1_133.png,1
1_76.png,1
1_78.png,1
1_124.png,1
1_128.png,1
1_123.png,1
1_129.png,1
1_116.png,1
1_122.png,1
1_108.png,1
1_130.png,1
1_112.png,1
1_134.png,1
1_106.png,1
1_136.png,1
1_149.png,1
1_137.png,1
1_135.png,1
1_118.png,1
1_150.png,1
1_145.png,1
1_142.png,1
1_147.png,1
1_148.png,1
1_141.png,1
1_144.png,1
1_138.png,1
1_146.png,1
1_140.png,1
1_143.png,1
1_139.png,1
1_113.png,1
1_127.png,1
1_18.png,1
1_26.png,1
1_16.png,1
1_25.png,1
1_38.png,1
5_9.png,5
5_14.png,5
5_15.png,5
5_8.png,5
5_26.png,5
5_2.png,5
5_17.png,5
5_1.png,5
5_13.png,5
5_7.png,5
5_11.png,5
5_19.png,5
5_20.png,5
5_28.png,5
5_6.png,5
5_21.png,5
5_4.png,5
5_18.png,5
5_16.png,5
5_12.png,5
5_27.png,5
5_3.png,5
5_23.png,5
5_24.png,5
5_5.png,5
5_40.png,5
5_55.png,5
5_29.png,5
5_56.png,5
5_44.png,5
5_42.png,5
5_36.png,5
5_38.png,5
5_43.png,5
5_50.png,5
5_39.png,5
5_33.png,5
5_32.png,5
5_30.png,5
5_82.png,5
5_68.png,5
5_65.png,5
5_76.png,5
5_46.png,5
5_51.png,5
5_49.png,5
5_48.png,5
5_52.png,5
5_58.png,5
5_31.png,5
5_35.png,5
5_57.png,5
5_53.png,5
5_54.png,5
5_41.png,5
5_47.png,5
5_34.png,5
5_77.png,5
5_86.png,5
5_70.png,5
5_62.png,5
5_74.png,5
5_61.png,5
5_87.png,5
5_67.png,5
5_66.png,5
5_78.png,5
5_73.png,5
5_80.png,5
5_60.png,5
5_59.png,5
5_75.png,5
5_63.png,5
5_93.png,5
5_109.png,5
5_97.png,5
5_95.png,5
5_101.png,5
5_104.png,5
5_72.png,5
5_84.png,5
5_79.png,5
5_64.png,5
5_85.png,5
5_69.png,5
5_81.png,5
5_83.png,5
5_71.png,5
5_88.png,5
5_91.png,5
5_117.png,5
5_102.png,5
5_108.png,5
5_103.png,5
5_114.png,5
5_89.png,5
5_99.png,5
5_112.png,5
5_92.png,5
5_98.png,5
5_118.png,5
5_107.png,5
5_90.png,5
5_94.png,5
5_100.png,5
5_130.png,5
5_146.png,5
5_147.png,5
5_128.png,5
5_131.png,5
5_145.png,5
5_148.png,5
5_143.png,5
5_105.png,5
5_113.png,5
5_115.png,5
5_96.png,5
5_111.png,5
5_110.png,5
5_106.png,5
5_116.png,5
5_136.png,5
5_140.png,5
5_124.png,5
5_133.png,5
5_141.png,5
5_120.png,5
5_121.png,5
5_123.png,5
5_142.png,5
5_135.png,5
5_134.png,5
5_119.png,5
5_138.png,5
5_122.png,5
5_144.png,5
5_127.png,5
5_150.png,5
5_149.png,5
5_137.png,5
5_126.png,5
5_129.png,5
5_125.png,5
5_139.png,5
5_132.png,5
5_37.png,5
5_45.png,5
5_25.png,5
5_10.png,5
5_22.png,5
10_13.png,10
10_8.png,10
10_6.png,10
10_1.png,10
10_15.png,10
10_2.png,10
10_5.png,10
10_4.png,10
10_17.png,10
10_11.png,10
10_12.png,10
10_7.png,10
10_19.png,10
10_18.png,10
10_10.png,10
10_3.png,10
10_14.png,10
10_9.png,10
10_39.png,10
10_30.png,10
10_46.png,10
10_28.png,10
10_25.png,10
10_34.png,10
10_22.png,10
10_33.png,10
10_26.png,10
10_50.png,10
10_24.png,10
10_37.png,10
10_35.png,10
10_36.png,10
10_20.png,10
10_16.png,10
10_31.png,10
10_27.png,10
10_29.png,10
10_40.png,10
10_44.png,10
10_32.png,10
10_48.png,10
10_47.png,10
10_21.png,10
10_49.png,10
10_43.png,10
10_23.png,10
10_60.png,10
10_72.png,10
10_41.png,10
10_42.png,10
10_67.png,10
10_79.png,10
10_62.png,10
10_53.png,10
10_70.png,10
10_64.png,10
10_52.png,10
10_51.png,10
10_80.png,10
10_73.png,10
10_65.png,10
10_69.png,10
10_75.png,10
10_77.png,10
10_45.png,10
10_38.png,10
10_61.png,10
10_54.png,10
10_78.png,10
10_57.png,10
10_66.png,10
10_76.png,10
10_55.png,10
10_71.png,10
10_68.png,10
10_58.png,10
10_103.png,10
10_102.png,10
10_104.png,10
10_109.png,10
10_56.png,10
10_63.png,10
10_82.png,10
10_101.png,10
10_88.png,10
10_106.png,10
10_94.png,10
10_107.png,10
10_89.png,10
10_96.png,10
10_90.png,10
10_87.png,10
10_93.png,10
10_91.png,10
10_98.png,10
10_84.png,10
10_74.png,10
10_59.png,10
10_95.png,10
10_105.png,10
10_83.png,10
10_81.png,10
10_108.png,10
10_100.png,10
10_97.png,10
10_123.png,10
10_118.png,10
10_140.png,10
10_129.png,10
10_137.png,10
10_134.png,10
10_122.png,10
10_99.png,10
10_86.png,10
10_111.png,10
10_128.png,10
10_113.png,10
10_127.png,10
10_112.png,10
10_110.png,10
10_121.png,10
10_133.png,10
10_130.png,10
10_115.png,10
10_138.png,10
10_116.png,10
10_132.png,10
10_120.png,10
10_92.png,10
10_85.png,10
10_131.png,10
10_126.png,10
10_117.png,10
10_136.png,10
10_139.png,10
10_125.png,10
10_141.png,10
10_149.png,10
10_145.png,10
10_148.png,10
10_142.png,10
10_144.png,10
10_143.png,10
10_147.png,10
10_119.png,10
10_114.png,10
10_146.png,10
10_150.png,10
10_135.png,10
10_124.png,10
021_165.png,21
021_166.png,21
021_17.png,21
021_33.png,21
021_197.png,21
021_29.png,21
021_190.png,21
021_196.png,21
021_177.png,21
021_159.png,21
021_172.png,21
021_167.png,21
021_181.png,21
021_176.png,21
021_182.png,21
021_187.png,21
021_145.png,21
021_147.png,21
021_139.png,21
021_151.png,21
021_169.png,21
021_184.png,21
021_157.png,21
021_180.png,21
021_161.png,21
021_163.png,21
021_158.png,21
021_186.png,21
021_171.png,21
021_170.png,21
021_175.png,21
021_168.png,21
021_134.png,21
021_130.png,21
021_112.png,21
021_99.png,21
021_153.png,21
021_155.png,21
021_154.png,21
021_140.png,21
021_133.png,21
021_128.png,21
021_144.png,21
021_141.png,21
021_150.png,21
021_135.png,21
021_131.png,21
021_127.png,21
021_123.png,21
021_120.png,21
021_105.png,21
021_108.png,21
021_137.png,21
021_142.png,21
021_152.png,21
021_136.png,21
021_143.png,21
021_149.png,21
021_138.png,21
021_148.png,21
021_156.png,21
021_132.png,21
021_129.png,21
021_146.png,21
021_69.png,21
021_92.png,21
021_83.png,21
021_96.png,21
021_97.png,21
021_101.png,21
021_116.png,21
021_106.png,21
021_119.png,21
021_102.png,21
021_121.png,21
021_117.png,21
021_109.png,21
021_107.png,21
021_111.png,21
021_98.png,21
021_90.png,21
021_94.png,21
021_85.png,21
021_80.png,21
021_113.png,21
021_110.png,21
021_100.png,21
021_125.png,21
021_124.png,21
021_103.png,21
021_115.png,21
021_126.png,21
021_122.png,21
021_114.png,21
021_118.png,21
021_104.png,21
021_65.png,21
021_52.png,21
021_46.png,21
021_51.png,21
021_72.png,21
021_88.png,21
021_75.png,21
021_77.png,21
021_84.png,21
021_87.png,21
021_91.png,21
021_76.png,21
021_70.png,21
021_78.png,21
021_68.png,21
021_71.png,21
021_43.png,21
021_58.png,21
021_54.png,21
021_64.png,21
021_95.png,21
021_89.png,21
021_93.png,21
021_79.png,21
021_74.png,21
021_86.png,21
021_73.png,21
021_81.png,21
021_82.png,21
021_55.png,21
021_45.png,21
021_61.png,21
021_10.png,21
021_27.png,21
021_24.png,21
021_26.png,21
021_48.png,21
021_57.png,21
021_59.png,21
021_50.png,21
021_62.png,21
021_42.png,21
021_44.png,21
021_39.png,21
021_49.png,21
021_40.png,21
021_56.png,21
021_41.png,21
021_36.png,21
021_14.png,21
021_25.png,21
021_12.png,21
021_22.png,21
021_11.png,21
021_9.png,21
021_15.png,21
021_38.png,21
021_47.png,21
021_53.png,21
021_66.png,21
021_67.png,21
021_63.png,21
021_60.png,21
021_28.png,21
021_20.png,21
021_30.png,21
021_32.png,21
021_19.png,21
021_16.png,21
021_1.png,21
021_2.png,21
021_7.png,21
021_5.png,21
021_3.png,21
021_6.png,21
021_4.png,21
021_183.png,21
021_185.png,21
021_195.png,21
021_31.png,21
021_37.png,21
021_200.png,21
021_192.png,21
021_199.png,21
021_178.png,21
021_179.png,21
021_160.png,21
021_34.png,21
021_162.png,21
021_173.png,21
021_164.png,21
021_174.png,21
021_35.png,21
021_21.png,21
021_18.png,21
021_8.png,21
021_13.png,21
021_23.png,21
021_191.png,21
021_198.png,21
021_194.png,21
021_188.png,21
021_193.png,21
021_189.png,21
25_2.png,25
25_4.png,25
25_6.png,25
25_7.png,25
25_33.png,25
25_36.png,25
25_26.png,25
25_116.png,25
25_103.png,25
25_137.png,25
25_145.png,25
25_149.png,25
25_150.png,25
25_131.png,25
25_146.png,25
25_147.png,25
25_148.png,25
25_125.png,25
25_110.png,25
25_136.png,25
25_143.png,25
25_134.png,25
25_133.png,25
25_101.png,25
25_107.png,25
25_112.png,25
25_118.png,25
25_108.png,25
25_102.png,25
25_121.png,25
25_114.png,25
25_115.png,25
25_127.png,25
25_95.png,25
25_77.png,25
25_111.png,25
25_124.png,25
25_104.png,25
25_126.png,25
25_75.png,25
25_89.png,25
25_93.png,25
25_74.png,25
25_105.png,25
25_113.png,25
25_119.png,25
25_109.png,25
25_128.png,25
25_130.png,25
25_80.png,25
25_97.png,25
25_120.png,25
25_122.png,25
25_106.png,25
25_129.png,25
25_99.png,25
25_83.png,25
25_87.png,25
25_79.png,25
25_81.png,25
25_96.png,25
25_78.png,25
25_92.png,25
25_86.png,25
25_76.png,25
25_44.png,25
25_48.png,25
25_84.png,25
25_94.png,25
25_82.png,25
25_91.png,25
25_52.png,25
25_45.png,25
25_59.png,25
25_60.png,25
25_46.png,25
25_65.png,25
25_73.png,25
25_90.png,25
25_85.png,25
25_72.png,25
25_62.png,25
25_61.png,25
25_98.png,25
25_88.png,25
25_71.png,25
25_100.png,25
25_53.png,25
25_47.png,25
25_51.png,25
25_50.png,25
25_63.png,25
25_66.png,25
25_43.png,25
25_64.png,25
25_69.png,25
25_70.png,25
25_17.png,25
25_14.png,25
25_58.png,25
25_55.png,25
25_49.png,25
25_54.png,25
25_27.png,25
25_19.png,25
25_22.png,25
25_13.png,25
25_32.png,25
25_28.png,25
25_39.png,25
25_31.png,25
25_68.png,25
25_41.png,25
25_23.png,25
25_11.png,25
25_56.png,25
25_57.png,25
25_67.png,25
25_42.png,25
25_1.png,25
25_9.png,25
25_3.png,25
25_10.png,25
25_8.png,25
25_38.png,25
25_24.png,25
25_25.png,25
25_35.png,25
25_40.png,25
25_15.png,25
25_16.png,25
25_29.png,25
25_144.png,25
25_139.png,25
25_138.png,25
25_142.png,25
25_141.png,25
25_132.png,25
25_123.png,25
25_117.png,25
25_140.png,25
25_135.png,25
25_20.png,25
25_37.png,25
25_34.png,25
25_30.png,25
25_21.png,25
25_5.png,25
25_12.png,25
25_18.png,25
42_119.png,42
42_125.png,42
42_118.png,42
42_130.png,42
42_107.png,42
42_121.png,42
42_104.png,42
42_131.png,42
42_108.png,42
42_105.png,42
42_124.png,42
42_110.png,42
42_129.png,42
42_113.png,42
42_127.png,42
42_122.png,42
42_116.png,42
42_133.png,42
42_123.png,42
42_109.png,42
42_114.png,42
42_111.png,42
42_115.png,42
42_128.png,42
42_117.png,42
42_126.png,42
42_106.png,42
42_112.png,42
42_132.png,42
42_135.png,42
42_147.png,42
42_139.png,42
42_86.png,42
42_80.png,42
42_91.png,42
42_120.png,42
42_144.png,42
42_142.png,42
42_134.png,42
42_148.png,42
42_150.png,42
42_149.png,42
42_146.png,42
42_138.png,42
42_141.png,42
42_140.png,42
42_137.png,42
42_145.png,42
42_136.png,42
42_143.png,42
42_2.png,42
42_4.png,42
42_20.png,42
42_27.png,42
42_5.png,42
42_12.png,42
42_13.png,42
42_7.png,42
42_1.png,42
42_9.png,42
42_15.png,42
42_18.png,42
42_11.png,42
42_10.png,42
42_3.png,42
42_8.png,42
42_6.png,42
42_30.png,42
42_32.png,42
42_16.png,42
42_42.png,42
42_34.png,42
42_43.png,42
42_29.png,42
42_23.png,42
42_37.png,42
42_67.png,42
42_73.png,42
42_17.png,42
42_25.png,42
42_26.png,42
42_39.png,42
42_38.png,42
42_22.png,42
42_21.png,42
42_28.png,42
42_19.png,42
42_40.png,42
42_41.png,42
42_36.png,42
42_31.png,42
42_35.png,42
42_64.png,42
42_59.png,42
42_24.png,42
42_33.png,42
42_14.png,42
42_44.png,42
42_57.png,42
42_72.png,42
42_65.png,42
42_52.png,42
42_63.png,42
42_62.png,42
42_54.png,42
42_58.png,42
42_70.png,42
42_60.png,42
42_99.png,42
42_93.png,42
42_49.png,42
42_71.png,42
42_68.png,42
42_69.png,42
42_53.png,42
42_66.png,42
42_50.png,42
42_48.png,42
42_46.png,42
42_56.png,42
42_47.png,42
42_61.png,42
42_45.png,42
42_51.png,42
42_78.png,42
42_75.png,42
42_55.png,42
42_85.png,42
42_97.png,42
42_77.png,42
42_89.png,42
42_103.png,42
42_92.png,42
42_74.png,42
42_83.png,42
42_101.png,42
42_95.png,42
42_100.png,42
42_94.png,42
42_98.png,42
42_84.png,42
42_81.png,42
42_87.png,42
42_96.png,42
42_79.png,42
42_90.png,42
42_82.png,42
42_76.png,42
42_102.png,42
42_88.png,42
326_5.png,326
326_28.png,326
326_7.png,326
326_1.png,326
326_21.png,326
326_17.png,326
326_56.png,326
326_45.png,326
326_30.png,326
326_39.png,326
326_47.png,326
326_34.png,326
326_42.png,326
326_44.png,326
326_37.png,326
326_6.png,326
326_129.png,326
326_141.png,326
326_120.png,326
326_127.png,326
326_175.png,326
326_169.png,326
326_168.png,326
326_165.png,326
326_177.png,326
326_157.png,326
326_174.png,326
326_164.png,326
326_176.png,326
326_163.png,326
326_122.png,326
326_119.png,326
326_170.png,326
326_167.png,326
326_171.png,326
326_158.png,326
326_190.png,326
326_197.png,326
326_200.png,326
326_186.png,326
326_195.png,326
326_181.png,326
326_154.png,326
326_173.png,326
326_152.png,326
326_153.png,326
326_130.png,326
326_132.png,326
326_188.png,326
326_189.png,326
326_179.png,326
326_192.png,326
326_194.png,326
326_180.png,326
326_183.png,326
326_198.png,326
326_15.png,326
326_2.png,326
326_12.png,326
326_20.png,326
326_161.png,326
326_159.png,326
326_140.png,326
326_148.png,326
326_146.png,326
326_139.png,326
326_172.png,326
326_156.png,326
326_166.png,326
326_178.png,326
326_137.png,326
326_147.png,326
326_144.png,326
326_135.png,326
326_124.png,326
326_142.png,326
326_105.png,326
326_99.png,326
326_160.png,326
326_151.png,326
326_150.png,326
326_149.png,326
326_162.png,326
326_155.png,326
326_182.png,326
326_193.png,326
326_114.png,326
326_96.png,326
326_107.png,326
326_108.png,326
326_134.png,326
326_138.png,326
326_128.png,326
326_121.png,326
326_145.png,326
326_133.png,326
326_125.png,326
326_136.png,326
326_123.png,326
326_131.png,326
326_109.png,326
326_93.png,326
326_101.png,326
326_98.png,326
326_100.png,326
326_89.png,326
326_126.png,326
326_143.png,326
326_112.png,326
326_103.png,326
326_118.png,326
326_102.png,326
326_92.png,326
326_90.png,326
326_111.png,326
326_91.png,326
326_74.png,326
326_86.png,326
326_68.png,326
326_87.png,326
326_80.png,326
326_79.png,326
326_106.png,326
326_94.png,326
326_116.png,326
326_113.png,326
326_117.png,326
326_97.png,326
326_104.png,326
326_95.png,326
326_110.png,326
326_115.png,326
326_77.png,326
326_83.png,326
326_64.png,326
326_46.png,326
326_41.png,326
326_38.png,326
326_63.png,326
326_78.png,326
326_71.png,326
326_75.png,326
326_62.png,326
326_67.png,326
326_84.png,326
326_70.png,326
326_85.png,326
326_66.png,326
326_48.png,326
326_33.png,326
326_58.png,326
326_35.png,326
326_50.png,326
326_49.png,326
326_73.png,326
326_65.png,326
326_81.png,326
326_82.png,326
326_60.png,326
326_76.png,326
326_69.png,326
326_61.png,326
326_88.png,326
326_72.png,326
326_55.png,326
326_4.png,326
326_11.png,326
326_10.png,326
326_19.png,326
326_22.png,326
326_9.png,326
326_29.png,326
326_8.png,326
326_25.png,326
326_23.png,326
326_27.png,326
326_24.png,326
326_14.png,326
326_187.png,326
326_196.png,326
326_199.png,326
326_191.png,326
326_185.png,326
326_184.png,326
326_31.png,326
326_32.png,326
326_40.png,326
326_57.png,326
326_54.png,326
326_36.png,326
326_43.png,326
326_52.png,326
326_59.png,326
326_51.png,326
326_26.png,326
326_18.png,326
326_16.png,326
326_3.png,326
326_13.png,326
326_53.png,326
756_11.png,756
756_40.png,756
756_179.png,756
756_182.png,756
756_177.png,756
756_191.png,756
756_184.png,756
756_190.png,756
756_188.png,756
756_194.png,756
756_167.png,756
756_193.png,756
756_180.png,756
756_189.png,756
756_178.png,756
756_181.png,756
756_172.png,756
756_187.png,756
756_142.png,756
756_140.png,756
756_149.png,756
756_164.png,756
756_175.png,756
756_186.png,756
756_156.png,756
756_162.png,756
756_155.png,756
756_153.png,756
756_141.png,756
756_173.png,756
756_171.png,756
756_174.png,756
756_169.png,756
756_183.png,756
756_161.png,756
756_150.png,756
756_158.png,756
756_143.png,756
756_168.png,756
756_166.png,756
756_160.png,756
756_163.png,756
756_146.png,756
756_152.png,756
756_165.png,756
756_145.png,756
756_159.png,756
756_144.png,756
756_139.png,756
756_137.png,756
756_115.png,756
756_122.png,756
756_114.png,756
756_127.png,756
756_147.png,756
756_154.png,756
756_135.png,756
756_106.png,756
756_129.png,756
756_117.png,756
756_128.png,756
756_125.png,756
756_119.png,756
756_111.png,756
756_151.png,756
756_157.png,756
756_131.png,756
756_132.png,756
756_124.png,756
756_112.png,756
756_148.png,756
756_138.png,756
756_133.png,756
756_118.png,756
756_134.png,756
756_136.png,756
756_116.png,756
756_113.png,756
756_110.png,756
756_126.png,756
756_108.png,756
756_109.png,756
756_92.png,756
756_82.png,756
756_77.png,756
756_87.png,756
756_107.png,756
756_121.png,756
756_79.png,756
756_89.png,756
756_95.png,756
756_76.png,756
756_98.png,756
756_88.png,756
756_103.png,756
756_90.png,756
756_83.png,756
756_130.png,756
756_70.png,756
756_102.png,756
756_91.png,756
756_86.png,756
756_120.png,756
756_123.png,756
756_94.png,756
756_101.png,756
756_105.png,756
756_100.png,756
756_96.png,756
756_78.png,756
756_97.png,756
756_81.png,756
756_84.png,756
756_104.png,756
756_50.png,756
756_59.png,756
756_60.png,756
756_54.png,756
756_93.png,756
756_85.png,756
756_47.png,756
756_58.png,756
756_48.png,756
756_67.png,756
756_75.png,756
756_57.png,756
756_46.png,756
756_51.png,756
756_55.png,756
756_49.png,756
756_28.png,756
756_21.png,756
756_45.png,756
756_56.png,756
756_80.png,756
756_99.png,756
756_71.png,756
756_66.png,756
756_64.png,756
756_53.png,756
756_63.png,756
756_68.png,756
756_65.png,756
756_69.png,756
756_73.png,756
756_72.png,756
756_16.png,756
756_37.png,756
756_20.png,756
756_25.png,756
756_62.png,756
756_61.png,756
756_33.png,756
756_42.png,756
756_34.png,756
756_39.png,756
756_29.png,756
756_26.png,756
756_41.png,756
756_23.png,756
756_43.png,756
756_17.png,756
756_1.png,756
756_5.png,756
756_9.png,756
756_10.png,756
756_52.png,756
756_74.png,756
756_30.png,756
756_35.png,756
756_36.png,756
756_27.png,756
756_24.png,756
756_32.png,756
756_38.png,756
756_18.png,756
756_22.png,756
756_44.png,756
756_19.png,756
756_31.png,756
756_7.png,756
756_12.png,756
756_3.png,756
756_6.png,756
756_14.png,756
756_13.png,756
756_8.png,756
756_4.png,756
756_2.png,756
756_15.png,756
756_176.png,756
756_192.png,756
756_185.png,756
756_195.png,756
756_170.png,756
756_198.png,756
756_200.png,756
756_199.png,756
756_196.png,756
756_197.png,756
940_53.png,940
940_51.png,940
940_64.png,940
940_55.png,940
940_54.png,940
940_59.png,940
940_84.png,940
940_92.png,940
940_96.png,940
940_81.png,940
940_89.png,940
940_85.png,940
940_99.png,940
940_80.png,940
940_102.png,940
940_107.png,940
940_91.png,940
940_72.png,940
940_74.png,940
940_70.png,940
940_79.png,940
940_23.png,940
940_46.png,940
940_32.png,940
940_39.png,940
940_28.png,940
940_22.png,940
940_40.png,940
940_21.png,940
940_30.png,940
940_45.png,940
940_29.png,940
940_43.png,940
940_38.png,940
940_31.png,940
940_33.png,940
940_42.png,940
940_27.png,940
940_44.png,940
940_20.png,940
940_26.png,940
940_48.png,940
940_37.png,940
940_25.png,940
940_35.png,940
940_47.png,940
940_41.png,940
940_49.png,940
940_24.png,940
940_36.png,940
940_34.png,940
940_6.png,940
940_11.png,940
940_14.png,940
940_15.png,940
940_8.png,940
940_18.png,940
940_19.png,940
940_9.png,940
940_7.png,940
940_2.png,940
940_17.png,940
940_12.png,940
940_16.png,940
940_10.png,940
940_5.png,940
940_4.png,940
940_1.png,940
940_3.png,940
940_13.png,940
940_125.png,940
940_111.png,940
940_114.png,940
940_121.png,940
940_112.png,940
940_133.png,940
940_118.png,940
940_94.png,940
940_93.png,940
940_103.png,940
940_95.png,940
940_108.png,940
940_100.png,940
940_101.png,940
940_98.png,940
940_82.png,940
940_132.png,940
940_139.png,940
940_137.png,940
940_135.png,940
940_123.png,940
940_129.png,940
940_117.png,940
940_113.png,940
940_134.png,940
940_138.png,940
940_119.png,940
940_122.png,940
940_115.png,940
940_124.png,940
940_136.png,940
940_130.png,940
940_166.png,940
940_168.png,940
940_143.png,940
940_141.png,940
940_147.png,940
940_162.png,940
940_157.png,940
940_148.png,940
940_145.png,940
940_126.png,940
940_110.png,940
940_116.png,940
940_131.png,940
940_128.png,940
940_127.png,940
940_120.png,940
940_158.png,940
940_163.png,940
940_159.png,940
940_167.png,940
940_150.png,940
940_142.png,940
940_165.png,940
940_144.png,940
940_160.png,940
940_151.png,940
940_155.png,940
940_161.png,940
940_140.png,940
940_149.png,940
940_146.png,940
940_153.png,940
940_184.png,940
940_193.png,940
940_187.png,940
940_186.png,940
940_181.png,940
940_177.png,940
940_180.png,940
940_179.png,940
940_170.png,940
940_176.png,940
940_182.png,940
940_189.png,940
940_154.png,940
940_152.png,940
940_164.png,940
940_156.png,940
940_175.png,940
940_192.png,940
940_178.png,940
940_173.png,940
940_196.png,940
940_197.png,940
940_190.png,940
940_188.png,940
940_171.png,940
940_191.png,940
940_183.png,940
940_169.png,940
940_174.png,940
940_172.png,940
940_185.png,940
940_195.png,940
940_199.png,940
940_198.png,940
940_200.png,940
940_194.png,940
940_88.png,940
940_106.png,940
940_109.png,940
940_104.png,940
940_97.png,940
940_52.png,940
940_73.png,940
940_77.png,940
940_50.png,940
940_76.png,940
940_67.png,940
940_56.png,940
940_58.png,940
940_62.png,940
940_69.png,940
940_78.png,940
940_60.png,940
940_75.png,940
940_66.png,940
940_63.png,940
940_57.png,940
940_61.png,940
940_68.png,940
940_71.png,940
940_65.png,940
940_83.png,940
940_90.png,940
940_86.png,940
940_87.png,940
940_105.png,940
956_195.png,956
956_194.png,956
956_199.png,956
956_190.png,956
956_191.png,956
956_196.png,956
956_6.png,956
956_2.png,956
956_8.png,956
956_7.png,956
956_11.png,956
956_26.png,956
956_20.png,956
956_25.png,956
956_28.png,956
956_30.png,956
956_32.png,956
956_38.png,956
956_18.png,956
956_19.png,956
956_29.png,956
956_33.png,956
956_13.png,956
956_22.png,956
956_35.png,956
956_37.png,956
956_24.png,956
956_34.png,956
956_16.png,956
956_27.png,956
956_10.png,956
956_9.png,956
956_3.png,956
956_1.png,956
956_4.png,956
956_5.png,956
956_62.png,956
956_64.png,956
956_43.png,956
956_66.png,956
956_67.png,956
956_42.png,956
956_70.png,956
956_63.png,956
956_54.png,956
956_46.png,956
956_23.png,956
956_36.png,956
956_12.png,956
956_14.png,956
956_15.png,956
956_21.png,956
956_45.png,956
956_41.png,956
956_59.png,956
956_51.png,956
956_57.png,956
956_44.png,956
956_47.png,956
956_61.png,956
956_68.png,956
956_40.png,956
956_17.png,956
956_39.png,956
956_31.png,956
956_52.png,956
956_50.png,956
956_58.png,956
956_88.png,956
956_92.png,956
956_83.png,956
956_86.png,956
956_81.png,956
956_99.png,956
956_82.png,956
956_97.png,956
956_79.png,956
956_72.png,956
956_55.png,956
956_65.png,956
956_56.png,956
956_69.png,956
956_49.png,956
956_48.png,956
956_89.png,956
956_98.png,956
956_77.png,956
956_84.png,956
956_71.png,956
956_75.png,956
956_78.png,956
956_76.png,956
956_93.png,956
956_121.png,956
956_60.png,956
956_53.png,956
956_94.png,956
956_90.png,956
956_74.png,956
956_80.png,956
956_162.png,956
956_189.png,956
956_165.png,956
956_167.png,956
956_166.png,956
956_178.png,956
956_183.png,956
956_161.png,956
956_188.png,956
956_173.png,956
956_95.png,956
956_96.png,956
956_85.png,956
956_87.png,956
956_91.png,956
956_73.png,956
956_187.png,956
956_186.png,956
956_181.png,956
956_164.png,956
956_182.png,956
956_179.png,956
956_180.png,956
956_174.png,956
956_184.png,956
956_169.png,956
956_171.png,956
956_163.png,956
956_168.png,956
956_185.png,956
956_177.png,956
956_175.png,956
956_137.png,956
956_157.png,956
956_152.png,956
956_150.png,956
956_148.png,956
956_145.png,956
956_135.png,956
956_149.png,956
956_142.png,956
956_132.png,956
956_155.png,956
956_131.png,956
956_153.png,956
956_160.png,956
956_172.png,956
956_176.png,956
956_146.png,956
956_141.png,956
956_147.png,956
956_154.png,956
956_139.png,956
956_134.png,956
956_144.png,956
956_151.png,956
956_143.png,956
956_136.png,956
956_158.png,956
956_140.png,956
956_159.png,956
956_133.png,956
956_138.png,956
956_156.png,956
956_120.png,956
956_102.png,956
956_110.png,956
956_105.png,956
956_127.png,956
956_101.png,956
956_116.png,956
956_123.png,956
956_108.png,956
956_115.png,956
956_117.png,956
956_126.png,956
956_103.png,956
956_122.png,956
956_114.png,956
956_130.png,956
956_106.png,956
956_118.png,956
956_125.png,956
956_100.png,956
956_129.png,956
956_107.png,956
956_109.png,956
956_124.png,956
956_112.png,956
956_111.png,956
956_113.png,956
956_119.png,956
956_104.png,956
956_128.png,956
956_170.png,956
956_197.png,956
956_200.png,956
956_193.png,956
956_198.png,956
956_192.png,956
1540_209.png,1540
1540_193.png,1540
1540_208.png,1540
1540_216.png,1540
1540_205.png,1540
1540_207.png,1540
1540_225.png,1540
1540_235.png,1540
1540_240.png,1540
1540_242.png,1540
1540_246.png,1540
1540_238.png,1540
1540_247.png,1540
1540_237.png,1540
1540_226.png,1540
1540_236.png,1540
1540_19.png,1540
1540_13.png,1540
1540_9.png,1540
1540_8.png,1540
1540_6.png,1540
1540_10.png,1540
1540_12.png,1540
1540_7.png,1540
1540_4.png,1540
1540_11.png,1540
1540_5.png,1540
1540_3.png,1540
1540_18.png,1540
1540_14.png,1540
1540_39.png,1540
1540_252.png,1540
1540_69.png,1540
1540_57.png,1540
1540_59.png,1540
1540_52.png,1540
1540_37.png,1540
1540_40.png,1540
1540_32.png,1540
1540_23.png,1540
1540_1.png,1540
1540_2.png,1540
1540_35.png,1540
1540_28.png,1540
1540_17.png,1540
1540_29.png,1540
1540_71.png,1540
1540_48.png,1540
1540_99.png,1540
1540_74.png,1540
1540_98.png,1540
1540_80.png,1540
1540_67.png,1540
1540_66.png,1540
1540_55.png,1540
1540_54.png,1540
1540_41.png,1540
1540_36.png,1540
1540_58.png,1540
1540_50.png,1540
1540_60.png,1540
1540_44.png,1540
1540_70.png,1540
1540_53.png,1540
1540_83.png,1540
1540_91.png,1540
1540_89.png,1540
1540_82.png,1540
1540_47.png,1540
1540_51.png,1540
1540_61.png,1540
1540_64.png,1540
1540_25.png,1540
1540_42.png,1540
1540_63.png,1540
1540_62.png,1540
1540_78.png,1540
1540_77.png,1540
1540_85.png,1540
1540_88.png,1540
1540_113.png,1540
1540_132.png,1540
1540_108.png,1540
1540_117.png,1540
1540_87.png,1540
1540_76.png,1540
1540_79.png,1540
1540_81.png,1540
1540_45.png,1540
1540_72.png,1540
1540_86.png,1540
1540_97.png,1540
1540_95.png,1540
1540_92.png,1540
1540_101.png,1540
1540_93.png,1540
1540_127.png,1540
1540_120.png,1540
1540_107.png,1540
1540_125.png,1540
1540_94.png,1540
1540_96.png,1540
1540_102.png,1540
1540_90.png,1540
1540_68.png,1540
1540_65.png,1540
1540_119.png,1540
1540_105.png,1540
1540_111.png,1540
1540_122.png,1540
1540_104.png,1540
1540_123.png,1540
1540_155.png,1540
1540_143.png,1540
1540_134.png,1540
1540_145.png,1540
1540_103.png,1540
1540_129.png,1540
1540_114.png,1540
1540_128.png,1540
1540_73.png,1540
1540_84.png,1540
1540_121.png,1540
1540_112.png,1540
1540_131.png,1540
1540_118.png,1540
1540_116.png,1540
1540_106.png,1540
1540_136.png,1540
1540_139.png,1540
1540_158.png,1540
1540_161.png,1540
1540_124.png,1540
1540_115.png,1540
1540_110.png,1540
1540_109.png,1540
1540_100.png,1540
1540_75.png,1540
1540_138.png,1540
1540_159.png,1540
1540_152.png,1540
1540_142.png,1540
1540_137.png,1540
1540_148.png,1540
1540_185.png,1540
1540_166.png,1540
1540_169.png,1540
1540_182.png,1540
1540_135.png,1540
1540_147.png,1540
1540_154.png,1540
1540_144.png,1540
1540_130.png,1540
1540_126.png,1540
1540_133.png,1540
1540_157.png,1540
1540_149.png,1540
1540_146.png,1540
1540_150.png,1540
1540_156.png,1540
1540_170.png,1540
1540_175.png,1540
1540_183.png,1540
1540_177.png,1540
1540_162.png,1540
1540_151.png,1540
1540_179.png,1540
1540_163.png,1540
1540_141.png,1540
1540_140.png,1540
1540_178.png,1540
1540_186.png,1540
1540_191.png,1540
1540_172.png,1540
1540_164.png,1540
1540_176.png,1540
1540_189.png,1540
1540_168.png,1540
1540_187.png,1540
1540_181.png,1540
1540_297.png,1540
1540_295.png,1540
1540_284.png,1540
1540_299.png,1540
1540_160.png,1540
1540_153.png,1540
1540_180.png,1540
1540_174.png,1540
1540_167.png,1540
1540_165.png,1540
1540_188.png,1540
1540_184.png,1540
1540_272.png,1540
1540_271.png,1540
1540_288.png,1540
1540_292.png,1540
1540_192.png,1540
1540_190.png,1540
1540_210.png,1540
1540_215.png,1540
1540_211.png,1540
1540_218.png,1540
1540_206.png,1540
1540_198.png,1540
1540_201.png,1540
1540_221.png,1540
1540_214.png,1540
1540_202.png,1540
1540_278.png,1540
1540_259.png,1540
1540_282.png,1540
1540_275.png,1540
1540_274.png,1540
1540_255.png,1540
1540_293.png,1540
1540_296.png,1540
1540_283.png,1540
1540_298.png,1540
1540_289.png,1540
1540_300.png,1540
1540_269.png,1540
1540_254.png,1540
1540_280.png,1540
1540_279.png,1540
1540_234.png,1540
1540_227.png,1540
1540_224.png,1540
1540_243.png,1540
1540_241.png,1540
1540_251.png,1540
1540_258.png,1540
1540_257.png,1540
1540_267.png,1540
1540_264.png,1540
1540_286.png,1540
1540_294.png,1540
1540_285.png,1540
1540_290.png,1540
1540_287.png,1540
1540_291.png,1540
1540_233.png,1540
1540_229.png,1540
1540_250.png,1540
1540_244.png,1540
1540_248.png,1540
1540_231.png,1540
1540_260.png,1540
1540_276.png,1540
1540_262.png,1540
1540_281.png,1540
1540_261.png,1540
1540_266.png,1540
1540_277.png,1540
1540_273.png,1540
1540_270.png,1540
1540_256.png,1540
1540_204.png,1540
1540_197.png,1540
1540_217.png,1540
1540_200.png,1540
1540_220.png,1540
1540_219.png,1540
1540_239.png,1540
1540_223.png,1540
1540_249.png,1540
1540_230.png,1540
1540_245.png,1540
1540_228.png,1540
1540_265.png,1540
1540_263.png,1540
1540_268.png,1540
1540_253.png,1540
1540_46.png,1540
1540_49.png,1540
1540_43.png,1540
1540_56.png,1540
1540_26.png,1540
1540_38.png,1540
1540_22.png,1540
1540_21.png,1540
1540_16.png,1540
1540_15.png,1540
1540_20.png,1540
1540_34.png,1540
1540_33.png,1540
1540_31.png,1540
1540_24.png,1540
1540_27.png,1540
1540_232.png,1540
1540_199.png,1540
1540_195.png,1540
1540_203.png,1540
1540_222.png,1540
1540_213.png,1540
1540_196.png,1540
1540_212.png,1540
1540_194.png,1540
1540_173.png,1540
1540_171.png,1540
1540_30.png,1540
5520_184.png,5520
5520_204.png,5520
5520_203.png,5520
5520_198.png,5520
5520_218.png,5520
5520_238.png,5520
5520_233.png,5520
5520_222.png,5520
5520_212.png,5520
5520_224.png,5520
5520_213.png,5520
5520_234.png,5520
5520_217.png,5520
5520_232.png,5520
5520_197.png,5520
5520_186.png,5520
5520_10.png,5520
5520_25.png,5520
5520_16.png,5520
5520_1.png,5520
5520_15.png,5520
5520_26.png,5520
5520_24.png,5520
5520_21.png,5520
5520_9.png,5520
5520_12.png,5520
5520_27.png,5520
5520_22.png,5520
5520_20.png,5520
5520_4.png,5520
5520_18.png,5520
5520_154.png,5520
5520_39.png,5520
5520_47.png,5520
5520_5.png,5520
5520_7.png,5520
5520_37.png,5520
5520_36.png,5520
5520_40.png,5520
5520_56.png,5520
5520_54.png,5520
5520_57.png,5520
5520_51.png,5520
5520_60.png,5520
5520_34.png,5520
5520_59.png,5520
5520_33.png,5520
5520_50.png,5520
5520_61.png,5520
5520_74.png,5520
5520_35.png,5520
5520_38.png,5520
5520_82.png,5520
5520_89.png,5520
5520_62.png,5520
5520_81.png,5520
5520_45.png,5520
5520_43.png,5520
5520_58.png,5520
5520_49.png,5520
5520_48.png,5520
5520_41.png,5520
5520_32.png,5520
5520_46.png,5520
5520_80.png,5520
5520_79.png,5520
5520_42.png,5520
5520_52.png,5520
5520_86.png,5520
5520_72.png,5520
5520_68.png,5520
5520_90.png,5520
5520_83.png,5520
5520_69.png,5520
5520_67.png,5520
5520_76.png,5520
5520_66.png,5520
5520_65.png,5520
5520_73.png,5520
5520_77.png,5520
5520_115.png,5520
5520_100.png,5520
5520_88.png,5520
5520_70.png,5520
5520_95.png,5520
5520_101.png,5520
5520_118.png,5520
5520_111.png,5520
5520_93.png,5520
5520_106.png,5520
5520_71.png,5520
5520_78.png,5520
5520_63.png,5520
5520_85.png,5520
5520_87.png,5520
5520_75.png,5520
5520_114.png,5520
5520_92.png,5520
5520_64.png,5520
5520_84.png,5520
5520_108.png,5520
5520_91.png,5520
5520_94.png,5520
5520_113.png,5520
5520_98.png,5520
5520_119.png,5520
5520_104.png,5520
5520_103.png,5520
5520_117.png,5520
5520_109.png,5520
5520_99.png,5520
5520_110.png,5520
5520_128.png,5520
5520_132.png,5520
5520_96.png,5520
5520_105.png,5520
5520_134.png,5520
5520_144.png,5520
5520_125.png,5520
5520_149.png,5520
5520_121.png,5520
5520_142.png,5520
5520_140.png,5520
5520_150.png,5520
5520_102.png,5520
5520_112.png,5520
5520_97.png,5520
5520_107.png,5520
5520_145.png,5520
5520_124.png,5520
5520_116.png,5520
5520_120.png,5520
5520_133.png,5520
5520_141.png,5520
5520_138.png,5520
5520_143.png,5520
5520_122.png,5520
5520_146.png,5520
5520_139.png,5520
5520_127.png,5520
5520_126.png,5520
5520_130.png,5520
5520_148.png,5520
5520_123.png,5520
5520_176.png,5520
5520_158.png,5520
5520_137.png,5520
5520_136.png,5520
5520_164.png,5520
5520_172.png,5520
5520_153.png,5520
5520_159.png,5520
5520_162.png,5520
5520_155.png,5520
5520_175.png,5520
5520_173.png,5520
5520_152.png,5520
5520_169.png,5520
5520_135.png,5520
5520_131.png,5520
5520_171.png,5520
5520_170.png,5520
5520_147.png,5520
5520_129.png,5520
5520_168.png,5520
5520_156.png,5520
5520_177.png,5520
5520_166.png,5520
5520_161.png,5520
5520_163.png,5520
5520_157.png,5520
5520_179.png,5520
5520_167.png,5520
5520_174.png,5520
5520_180.png,5520
5520_178.png,5520
5520_196.png,5520
5520_192.png,5520
5520_202.png,5520
5520_200.png,5520
5520_291.png,5520
5520_290.png,5520
5520_292.png,5520
5520_296.png,5520
5520_182.png,5520
5520_183.png,5520
5520_208.png,5520
5520_210.png,5520
5520_201.png,5520
5520_190.png,5520
5520_195.png,5520
5520_185.png,5520
5520_273.png,5520
5520_275.png,5520
5520_282.png,5520
5520_300.png,5520
5520_188.png,5520
5520_209.png,5520
5520_181.png,5520
5520_189.png,5520
5520_191.png,5520
5520_194.png,5520
5520_205.png,5520
5520_206.png,5520
5520_207.png,5520
5520_187.png,5520
5520_165.png,5520
5520_160.png,5520
5520_274.png,5520
5520_271.png,5520
5520_264.png,5520
5520_267.png,5520
5520_284.png,5520
5520_294.png,5520
5520_286.png,5520
5520_297.png,5520
5520_298.png,5520
5520_283.png,5520
5520_277.png,5520
5520_299.png,5520
5520_289.png,5520
5520_285.png,5520
5520_246.png,5520
5520_257.png,5520
5520_256.png,5520
5520_241.png,5520
5520_250.png,5520
5520_244.png,5520
5520_272.png,5520
5520_276.png,5520
5520_293.png,5520
5520_279.png,5520
5520_280.png,5520
5520_281.png,5520
5520_287.png,5520
5520_295.png,5520
5520_278.png,5520
5520_288.png,5520
5520_258.png,5520
5520_242.png,5520
5520_219.png,5520
5520_215.png,5520
5520_236.png,5520
5520_229.png,5520
5520_269.png,5520
5520_243.png,5520
5520_245.png,5520
5520_247.png,5520
5520_254.png,5520
5520_263.png,5520
5520_248.png,5520
5520_260.png,5520
5520_261.png,5520
5520_262.png,5520
5520_223.png,5520
5520_214.png,5520
5520_225.png,5520
5520_216.png,5520
5520_220.png,5520
5520_228.png,5520
5520_253.png,5520
5520_266.png,5520
5520_259.png,5520
5520_265.png,5520
5520_249.png,5520
5520_252.png,5520
5520_251.png,5520
5520_268.png,5520
5520_255.png,5520
5520_270.png,5520
5520_193.png,5520
5520_199.png,5520
5520_31.png,5520
5520_55.png,5520
5520_30.png,5520
5520_13.png,5520
5520_44.png,5520
5520_53.png,5520
5520_17.png,5520
5520_19.png,5520
5520_2.png,5520
5520_14.png,5520
5520_11.png,5520
5520_6.png,5520
5520_28.png,5520
5520_23.png,5520
5520_29.png,5520
5520_3.png,5520
5520_151.png,5520
5520_237.png,5520
5520_239.png,5520
5520_240.png,5520
5520_235.png,5520
5520_221.png,5520
5520_230.png,5520
5520_227.png,5520
5520_231.png,5520
5520_211.png,5520
5520_226.png,5520
5520_8.png,5520
9360_212.png,9360
9360_213.png,9360
9360_198.png,9360
9360_206.png,9360
9360_192.png,9360
9360_218.png,9360
9360_209.png,9360
9360_196.png,9360
9360_199.png,9360
9360_197.png,9360
9360_195.png,9360
9360_214.png,9360
9360_222.png,9360
9360_210.png,9360
9360_193.png,9360
9360_219.png,9360
9360_13.png,9360
9360_36.png,9360
9360_28.png,9360
9360_27.png,9360
9360_25.png,9360
9360_33.png,9360
9360_14.png,9360
9360_31.png,9360
9360_15.png,9360
9360_35.png,9360
9360_37.png,9360
9360_9.png,9360
9360_3.png,9360
9360_6.png,9360
9360_204.png,9360
9360_215.png,9360
9360_216.png,9360
9360_200.png,9360
9360_201.png,9360
9360_211.png,9360
9360_176.png,9360
9360_178.png,9360
9360_165.png,9360
9360_173.png,9360
9360_185.png,9360
9360_174.png,9360
9360_191.png,9360
9360_205.png,9360
9360_161.png,9360
9360_162.png,9360
9360_181.png,9360
9360_184.png,9360
9360_186.png,9360
9360_167.png,9360
9360_169.png,9360
9360_188.png,9360
9360_168.png,9360
9360_166.png,9360
9360_164.png,9360
9360_175.png,9360
9360_179.png,9360
9360_171.png,9360
9360_160.png,9360
9360_159.png,9360
9360_180.png,9360
9360_170.png,9360
9360_187.png,9360
9360_177.png,9360
9360_163.png,9360
9360_183.png,9360
9360_172.png,9360
9360_182.png,9360
9360_152.png,9360
9360_143.png,9360
9360_138.png,9360
9360_129.png,9360
9360_132.png,9360
9360_150.png,9360
9360_146.png,9360
9360_134.png,9360
9360_148.png,9360
9360_157.png,9360
9360_142.png,9360
9360_136.png,9360
9360_140.png,9360
9360_156.png,9360
9360_149.png,9360
9360_141.png,9360
9360_154.png,9360
9360_131.png,9360
9360_158.png,9360
9360_137.png,9360
9360_151.png,9360
9360_144.png,9360
9360_135.png,9360
9360_147.png,9360
9360_130.png,9360
9360_145.png,9360
9360_133.png,9360
9360_155.png,9360
9360_153.png,9360
9360_139.png,9360
9360_112.png,9360
9360_121.png,9360
9360_118.png,9360
9360_126.png,9360
9360_127.png,9360
9360_125.png,9360
9360_101.png,9360
9360_114.png,9360
9360_120.png,9360
9360_117.png,9360
9360_106.png,9360
9360_119.png,9360
9360_111.png,9360
9360_124.png,9360
9360_103.png,9360
9360_108.png,9360
9360_123.png,9360
9360_109.png,9360
9360_102.png,9360
9360_116.png,9360
9360_110.png,9360
9360_128.png,9360
9360_105.png,9360
9360_115.png,9360
9360_122.png,9360
9360_113.png,9360
9360_104.png,9360
9360_107.png,9360
9360_96.png,9360
9360_72.png,9360
9360_73.png,9360
9360_80.png,9360
9360_81.png,9360
9360_78.png,9360
9360_70.png,9360
9360_90.png,9360
9360_88.png,9360
9360_85.png,9360
9360_76.png,9360
9360_99.png,9360
9360_74.png,9360
9360_94.png,9360
9360_89.png,9360
9360_71.png,9360
9360_98.png,9360
9360_75.png,9360
9360_87.png,9360
9360_79.png,9360
9360_97.png,9360
9360_95.png,9360
9360_91.png,9360
9360_77.png,9360
9360_86.png,9360
9360_83.png,9360
9360_84.png,9360
9360_93.png,9360
9360_82.png,9360
9360_100.png,9360
9360_92.png,9360
9360_57.png,9360
9360_59.png,9360
9360_58.png,9360
9360_52.png,9360
9360_46.png,9360
9360_55.png,9360
9360_51.png,9360
9360_60.png,9360
9360_40.png,9360
9360_56.png,9360
9360_63.png,9360
9360_42.png,9360
9360_50.png,9360
9360_54.png,9360
9360_53.png,9360
9360_43.png,9360
9360_62.png,9360
9360_47.png,9360
9360_45.png,9360
9360_64.png,9360
9360_65.png,9360
9360_68.png,9360
9360_69.png,9360
9360_48.png,9360
9360_66.png,9360
9360_41.png,9360
9360_49.png,9360
9360_61.png,9360
9360_67.png,9360
9360_44.png,9360
9360_19.png,9360
9360_23.png,9360
9360_22.png,9360
9360_18.png,9360
9360_30.png,9360
9360_10.png,9360
9360_20.png,9360
9360_17.png,9360
9360_11.png,9360
9360_38.png,9360
9360_21.png,9360
9360_12.png,9360
9360_29.png,9360
9360_24.png,9360
9360_26.png,9360
9360_16.png,9360
9360_39.png,9360
9360_293.png,9360
9360_287.png,9360
9360_268.png,9360
9360_251.png,9360
9360_286.png,9360
9360_296.png,9360
9360_291.png,9360
9360_295.png,9360
9360_284.png,9360
9360_289.png,9360
9360_280.png,9360
9360_282.png,9360
9360_297.png,9360
9360_290.png,9360
9360_285.png,9360
9360_300.png,9360
9360_294.png,9360
9360_281.png,9360
9360_278.png,9360
9360_262.png,9360
9360_283.png,9360
9360_298.png,9360
9360_279.png,9360
9360_292.png,9360
9360_288.png,9360
9360_299.png,9360
9360_276.png,9360
9360_252.png,9360
9360_271.png,9360
9360_250.png,9360
9360_263.png,9360
9360_264.png,9360
9360_267.png,9360
9360_259.png,9360
9360_236.png,9360
9360_220.png,9360
9360_270.png,9360
9360_255.png,9360
9360_272.png,9360
9360_275.png,9360
9360_260.png,9360
9360_258.png,9360
9360_273.png,9360
9360_266.png,9360
9360_254.png,9360
9360_257.png,9360
9360_277.png,9360
9360_261.png,9360
9360_265.png,9360
9360_253.png,9360
9360_223.png,9360
9360_239.png,9360
9360_256.png,9360
9360_274.png,9360
9360_269.png,9360
9360_231.png,9360
9360_245.png,9360
9360_241.png,9360
9360_234.png,9360
9360_248.png,9360
9360_240.png,9360
9360_225.png,9360
9360_246.png,9360
9360_227.png,9360
9360_237.png,9360
9360_228.png,9360
9360_34.png,9360
9360_32.png,9360
9360_221.png,9360
9360_224.png,9360
9360_244.png,9360
9360_226.png,9360
9360_189.png,9360
9360_233.png,9360
9360_249.png,9360
9360_243.png,9360
9360_230.png,9360
9360_229.png,9360
9360_235.png,9360
9360_242.png,9360
9360_247.png,9360
9360_238.png,9360
9360_1.png,9360
9360_4.png,9360
9360_8.png,9360
9360_5.png,9360
9360_7.png,9360
9360_2.png,9360
9360_203.png,9360
9360_194.png,9360
9360_202.png,9360
9360_208.png,9360
9360_190.png,9360
9360_217.png,9360
9360_232.png,9360
9360_207.png,9360
